insert into traffic.car(carID,fromCrossID,toCrossID,maxVelocity,planTime)values
(10000, 15, 35, 6, 1),
(10001, 16, 34, 6, 1),
(10002, 7, 31, 4, 1),
(10003, 34, 7, 4, 1),
(10004, 22, 2, 2, 1),
(10005, 20, 2, 2, 1),
(10006, 21, 2, 6, 1),
(10007, 23, 2, 2, 1),
(10008, 31, 1, 6, 1),
(10009, 30, 8, 6, 1),
(10010, 33, 2, 2, 1),
(10011, 15, 33, 2, 1),
(10012, 21, 2, 6, 1),
(10013, 35, 12, 2, 1),
(10014, 16, 36, 2, 1),
(10015, 1, 28, 2, 1),
(10016, 22, 1, 2, 1),
(10017, 9, 32, 6, 1),
(10018, 13, 31, 4, 1),
(10019, 15, 35, 2, 1),
(10020, 27, 5, 6, 1),
(10021, 12, 35, 4, 1),
(10022, 4, 30, 2, 1),
(10023, 21, 2, 6, 1),
(10024, 25, 5, 6, 1),
(10025, 35, 16, 4, 1),
(10026, 26, 7, 2, 1),
(10027, 18, 36, 2, 1),
(10028, 4, 35, 6, 1),
(10029, 18, 36, 4, 1),
(10030, 26, 2, 4, 1),
(10031, 32, 5, 6, 1),
(10032, 8, 34, 2, 1),
(10033, 33, 6, 4, 1),
(10034, 2, 23, 4, 1),
(10035, 1, 19, 6, 1),
(10036, 7, 32, 6, 1),
(10037, 19, 1, 4, 1),
(10038, 35, 6, 4, 1),
(10039, 11, 36, 2, 1),
(10040, 31, 6, 2, 1),
(10041, 16, 34, 4, 1),
(10042, 31, 9, 4, 1),
(10043, 27, 9, 2, 1),
(10044, 23, 2, 4, 1),
(10045, 2, 29, 4, 1),
(10046, 22, 1, 2, 1),
(10047, 16, 34, 4, 1),
(10048, 1, 31, 4, 1),
(10049, 4, 23, 2, 1),
(10050, 15, 34, 6, 1),
(10051, 9, 30, 2, 1),
(10052, 14, 32, 6, 1),
(10053, 9, 30, 2, 1),
(10054, 8, 35, 6, 1),
(10055, 2, 22, 2, 1),
(10056, 16, 35, 2, 1),
(10057, 31, 10, 6, 1),
(10058, 24, 4, 2, 1),
(10059, 4, 29, 2, 1),
(10060, 14, 36, 4, 1),
(10061, 12, 34, 4, 1),
(10062, 4, 22, 6, 1),
(10063, 13, 33, 2, 1),
(10064, 23, 1, 2, 1),
(10065, 3, 31, 4, 1),
(10066, 35, 7, 4, 1),
(10067, 18, 36, 6, 1),
(10068, 6, 33, 2, 1),
(10069, 9, 32, 6, 1),
(10070, 16, 36, 2, 1),
(10071, 35, 16, 2, 1),
(10072, 34, 2, 6, 1),
(10073, 23, 2, 4, 1),
(10074, 33, 14, 4, 1),
(10075, 17, 36, 2, 1),
(10076, 33, 2, 4, 1),
(10077, 3, 27, 6, 1),
(10078, 3, 32, 2, 1),
(10079, 15, 34, 2, 1),
(10080, 24, 2, 4, 1),
(10081, 9, 28, 4, 1),
(10082, 27, 1, 6, 1),
(10083, 36, 6, 4, 1),
(10084, 10, 30, 6, 1),
(10085, 34, 12, 6, 1),
(10086, 25, 3, 4, 1),
(10087, 21, 1, 6, 1),
(10088, 18, 36, 4, 1),
(10089, 22, 3, 2, 1),
(10090, 4, 23, 4, 1),
(10091, 35, 5, 6, 1),
(10092, 27, 7, 2, 1),
(10093, 19, 1, 4, 1),
(10094, 22, 4, 2, 1),
(10095, 24, 6, 4, 1),
(10096, 34, 14, 4, 1),
(10097, 14, 35, 2, 1),
(10098, 12, 30, 6, 1),
(10099, 36, 12, 6, 1),
(10100, 14, 32, 6, 1),
(10101, 8, 31, 6, 1),
(10102, 20, 2, 2, 1),
(10103, 1, 36, 4, 1),
(10104, 9, 33, 4, 1),
(10105, 16, 36, 6, 1),
(10106, 26, 7, 2, 1),
(10107, 5, 33, 4, 1),
(10108, 25, 7, 6, 1),
(10109, 14, 32, 2, 1),
(10110, 11, 30, 6, 1),
(10111, 32, 10, 6, 1),
(10112, 17, 36, 4, 1),
(10113, 25, 5, 2, 1),
(10114, 7, 30, 6, 1),
(10115, 2, 26, 2, 1),
(10116, 28, 2, 6, 1),
(10117, 14, 33, 6, 1),
(10118, 7, 26, 4, 1),
(10119, 26, 1, 6, 1),
(10120, 20, 2, 2, 1),
(10121, 33, 7, 2, 1),
(10122, 8, 31, 6, 1),
(10123, 35, 11, 2, 1),
(10124, 28, 5, 6, 1),
(10125, 10, 35, 4, 1),
(10126, 5, 35, 2, 1),
(10127, 20, 2, 6, 1);

insert INTO traffic.road(roadID,roadLength,maxRoadVelocity,lanesNum,fromCrossID,toCrossID,IsDuplex)values
(5000, 10, 5, 1, 1, 2, 1),
(5001, 10, 5, 1, 2, 3, 1),
(5002, 10, 5, 1, 3, 4, 1),
(5003, 10, 5, 1, 4, 5, 1),
(5004, 10, 5, 1, 5, 6, 1),
(5005, 10, 5, 1, 1, 7, 1),
(5006, 10, 5, 1, 2, 8, 1),
(5007, 10, 5, 1, 3, 9, 1),
(5008, 10, 5, 1, 4, 10, 1),
(5009, 10, 5, 1, 5, 11, 1),
(5010, 10, 5, 1, 6, 12, 1),
(5011, 10, 5, 1, 7, 8, 1),
(5012, 10, 5, 1, 8, 9, 1),
(5013, 10, 5, 1, 9, 10, 1),
(5014, 10, 5, 1, 10, 11, 1),
(5015, 10, 5, 1, 11, 12, 1),
(5016, 10, 5, 1, 7, 13, 1),
(5017, 10, 5, 1, 8, 14, 1),
(5018, 10, 5, 1, 9, 15, 1),
(5019, 10, 5, 1, 10, 16, 1),
(5020, 10, 5, 1, 11, 17, 1),
(5021, 10, 5, 1, 12, 18, 1),
(5022, 10, 5, 1, 13, 14, 1),
(5023, 10, 5, 1, 14, 15, 1),
(5024, 10, 5, 1, 15, 16, 1),
(5025, 10, 5, 1, 16, 17, 1),
(5026, 10, 5, 1, 17, 18, 1),
(5027, 10, 5, 1, 13, 19, 1),
(5028, 10, 5, 1, 14, 20, 1),
(5029, 10, 5, 1, 15, 21, 1),
(5030, 10, 5, 1, 16, 22, 1),
(5031, 10, 5, 1, 17, 23, 1),
(5032, 10, 5, 1, 18, 24, 1),
(5033, 10, 5, 1, 19, 20, 1),
(5034, 10, 5, 1, 20, 21, 1),
(5035, 10, 5, 1, 21, 22, 1),
(5036, 10, 5, 1, 22, 23, 1),
(5037, 10, 5, 1, 23, 24, 1),
(5038, 10, 5, 1, 19, 25, 1),
(5039, 10, 5, 1, 20, 26, 1),
(5040, 10, 5, 1, 21, 27, 1),
(5041, 10, 5, 1, 22, 28, 1),
(5042, 10, 5, 1, 23, 29, 1),
(5043, 10, 5, 1, 24, 30, 1),
(5044, 10, 5, 1, 25, 26, 1),
(5045, 10, 5, 1, 26, 27, 1),
(5046, 10, 5, 1, 27, 28, 1),
(5047, 10, 5, 1, 28, 29, 1),
(5048, 10, 5, 1, 29, 30, 1),
(5049, 10, 5, 1, 25, 31, 1),
(5050, 10, 5, 1, 26, 32, 1),
(5051, 10, 5, 1, 27, 33, 1),
(5052, 10, 5, 1, 28, 34, 1),
(5053, 10, 5, 1, 29, 35, 1),
(5054, 10, 5, 1, 30, 36, 1),
(5055, 10, 5, 1, 31, 32, 1),
(5056, 10, 5, 1, 32, 33, 1),
(5057, 10, 5, 1, 33, 34, 1),
(5058, 10, 5, 1, 34, 35, 1),
(5059, 10, 5, 1, 35, 36, 1);

insert into traffic.cross_info(cross_id,up_road_id,right_road_id,down_road_id,left_road_id)values
(1, 5000, 5005, -1, -1),
(2, 5001, 5006, 5000, -1),
(3, 5002, 5007, 5001, -1),
(4, 5003, 5008, 5002, -1),
(5, 5004, 5009, 5003, -1),
(6, -1, 5010, 5004, -1),
(7, 5011, 5016, -1, 5005),
(8, 5012, 5017, 5011, 5006),
(9, 5013, 5018, 5012, 5007),
(10, 5014, 5019, 5013, 5008),
(11, 5015, 5020, 5014, 5009),
(12, -1, 5021, 5015, 5010),
(13, 5022, 5027, -1, 5016),
(14, 5023, 5028, 5022, 5017),
(15, 5024, 5029, 5023, 5018),
(16, 5025, 5030, 5024, 5019),
(17, 5026, 5031, 5025, 5020),
(18, -1, 5032, 5026, 5021),
(19, 5033, 5038, -1, 5027),
(20, 5034, 5039, 5033, 5028),
(21, 5035, 5040, 5034, 5029),
(22, 5036, 5041, 5035, 5030),
(23, 5037, 5042, 5036, 5031),
(24, -1, 5043, 5037, 5032),
(25, 5044, 5049, -1, 5038),
(26, 5045, 5050, 5044, 5039),
(27, 5046, 5051, 5045, 5040),
(28, 5047, 5052, 5046, 5041),
(29, 5048, 5053, 5047, 5042),
(30, -1, 5054, 5048, 5043),
(31, 5055, -1, -1, 5049),
(32, 5056, -1, 5055, 5050),
(33, 5057, -1, 5056, 5051),
(34, 5058, -1, 5057, 5052),
(35, 5059, -1, 5058, 5053),
(36, -1, -1, 5059, 5054);
